{
    "_attachmentInfo": {
        "specification": {
            "_attachmentType": "application\/xml",
            "_bundleID": "jq2oEJ1aRqeRbdAay5_jMQ",
            "_modified": 1444708650539
        }
    },
    "_attachments": {
        "specification": {
            "content_type": "application\/xml",
            "digest": "md5-C1NtWheasekerOv1N4MxcQ==",
            "length": 17401,
            "revpos": 4,
            "stub": true
        }
    },
    "_bundleID": "6KJnAoZNRR66xW9Vy7fRMA",
    "_bundleType": "application\/vnd.ibm.ers.v1.definitions+json",
    "_containedByBundles": [
        "dTk3TD2NSRiYfC0cUAFiKQ"
    ],
    "_created": 1444708650323,
    "_modified": 1444708650574,
    "_rev": "4-df811fb92c180f0da5d655ac574c9af8",
    "_version": 4,
    "name": "Report",
    "reportPackage": "y0LLs5-AShWMRGLAGf-Rag"
}