{
    "_attachmentInfo": {
        "content": {
            "_attachmentType": "application\/zip",
            "_bundleID": "FprcYj3fRyqzOBN4fvrArw",
            "_modified": 1444708648602
        }
    },
    "_attachments": {
        "content": {
            "content_type": "application\/zip",
            "digest": "md5-cLM\/YfRuSpHZHvtBELvhgA==",
            "length": 219953,
            "revpos": 4,
            "stub": true
        }
    },
    "_bundleID": "BVp5o5fNQ5u_IByAeR4a5A",
    "_bundleType": "application\/vnd.ibm.ers.v1.visualizations+json",
    "_containedByBundles": [
        "dTk3TD2NSRiYfC0cUAFiKQ"
    ],
    "_created": 1444708648267,
    "_modified": 1444708648602,
    "_rev": "4-9da5365202c2aef663007df42bd8b001",
    "_version": 1,
    "description": "",
    "name": "az.DynamicMap"
}