{
    "_bundleID": "duvVAa4fRtKZGa5vVCP03A",
    "_bundleType": "application\/vnd.ibm.ers.v1.datasources+json",
    "_containedByBundles": [
        "dTk3TD2NSRiYfC0cUAFiKQ"
    ],
    "_created": 1444708650322,
    "_modified": 1444708650322,
    "_rev": "2-ef933c3ef3145fd48455afb8984a600a",
    "_version": 0,
    "description": "Default datasource created when the package was created",
    "driverClass": "com.ibm.db2.jcc.DB2Driver",
    "driverUrl": "jdbc:db2:\/\/bluemix05.bluforcloud.com:50000\/BLUDB",
    "name": "datasource",
    "userName": "dash018360",
    "userPassword": "{aes}I\/\/sk4FyaBC16ePhnjRTgbVVRlMW3VZLSS7Ucndivto="
}