{
    "_attachmentInfo": {
        "content": {
            "_attachmentType": "application\/zip",
            "_bundleID": "EvJfsdGjTWWtAKbt6MJTcA",
            "_modified": 1444708649018
        }
    },
    "_attachments": {
        "content": {
            "content_type": "application\/zip",
            "digest": "md5-uBUn2eSCU5BeO+DcyCG30Q==",
            "length": 73917,
            "revpos": 4,
            "stub": true
        }
    },
    "_bundleID": "ERC6IOy9SM6NbhfbTczyUg",
    "_bundleType": "application\/vnd.ibm.ers.v1.visualizations+json",
    "_containedByBundles": [
        "dTk3TD2NSRiYfC0cUAFiKQ"
    ],
    "_created": 1444708648603,
    "_modified": 1444708649019,
    "_rev": "4-4f294b2b2879f9dbf1d8c8d35916020f",
    "_version": 1,
    "description": "",
    "name": "az.Tornado"
}