{
    "_attachmentInfo": {
        "content": {
            "_attachmentType": "application\/zip",
            "_bundleID": "aQmd3WitTcaG6IzHu3dHFw",
            "_modified": 1444708650322
        }
    },
    "_attachments": {
        "content": {
            "content_type": "application\/zip",
            "digest": "md5-p90iAn6xNI2cEjWx6\/fa+Q==",
            "length": 113821,
            "revpos": 4,
            "stub": true
        }
    },
    "_bundleID": "nbNZkMtoTfCZHlFYJSaN9w",
    "_bundleType": "application\/vnd.ibm.ers.v1.visualizations+json",
    "_containedByBundles": [
        "dTk3TD2NSRiYfC0cUAFiKQ"
    ],
    "_created": 1444708649978,
    "_modified": 1444708650322,
    "_rev": "4-a6f12e9a79c6066a68a136271553a876",
    "_version": 1,
    "description": "",
    "name": "az.Bubble"
}