{
    "_attachmentInfo": {
        "content": {
            "_attachmentType": "application\/zip",
            "_bundleID": "J4-34DOZTeOnxx56CF3UOg",
            "_modified": 1444708649977
        }
    },
    "_attachments": {
        "content": {
            "content_type": "application\/zip",
            "digest": "md5-atQvzVaWusAvx4oSQqQIpA==",
            "length": 128867,
            "revpos": 4,
            "stub": true
        }
    },
    "_bundleID": "TJaKf1tgTSWwOofqCV4A3Q",
    "_bundleType": "application\/vnd.ibm.ers.v1.visualizations+json",
    "_containedByBundles": [
        "dTk3TD2NSRiYfC0cUAFiKQ"
    ],
    "_created": 1444708649540,
    "_modified": 1444708649977,
    "_rev": "4-80963ad9009e73f74e255288934b0e8e",
    "_version": 1,
    "description": "",
    "name": "az.Treemap.ColorbyValue"
}