{
    "_attachmentInfo": {
        "specification": {
            "_attachmentType": "application\/xml",
            "_bundleID": "mcPf-RJUTWCPE2wN5ILIPg",
            "_modified": 1444708649264
        }
    },
    "_attachments": {
        "specification": {
            "content_type": "application\/xml",
            "digest": "md5-\/7lc7qIblMJl+NvJ6EuZvQ==",
            "length": 4979,
            "revpos": 4,
            "stub": true
        }
    },
    "_bundleID": "xWNQU7xGQzaC__5vekY5yQ",
    "_bundleType": "application\/vnd.ibm.ers.v1.definitions+json",
    "_containedByBundles": [
        "dTk3TD2NSRiYfC0cUAFiKQ"
    ],
    "_created": 1444708649019,
    "_modified": 1444708650579,
    "_rev": "4-55d38b55c21f58ad4a75a1e240bc82f5",
    "_version": 4,
    "name": "USA-Map",
    "reportPackage": "y0LLs5-AShWMRGLAGf-Rag"
}