{
    "_attachmentInfo": {
        "model": {
            "_attachmentType": "application\/octet-stream",
            "_bundleID": "IasXEjsOSQySyhmDinUszQ",
            "_modified": 1444708649539
        }
    },
    "_attachments": {
        "model": {
            "content_type": "application\/octet-stream",
            "digest": "md5-YdtbotR8dHqx0UVFfdajaQ==",
            "length": 9521,
            "revpos": 4,
            "stub": true
        }
    },
    "_bundleID": "y0LLs5-AShWMRGLAGf-Rag",
    "_bundleType": "application\/vnd.ibm.ers.v1.models+json",
    "_containedByBundles": [
        "dTk3TD2NSRiYfC0cUAFiKQ"
    ],
    "_created": 1444708649265,
    "_modified": 1444708649539,
    "_rev": "4-4e7806abf2ae69be874f99ddea39943a",
    "_version": 1,
    "name": "dashDB_model"
}