{
    "_attachmentInfo": {
        "content": {
            "_attachmentType": "application\/zip",
            "_bundleID": "IqmcL-T3Q4eyUEsi9nnVqw",
            "_modified": 1444708648266
        }
    },
    "_attachments": {
        "content": {
            "content_type": "application\/zip",
            "digest": "md5-9+TR1ZgX4aptuLNO7ajtjw==",
            "length": 189304,
            "revpos": 4,
            "stub": true
        }
    },
    "_bundleID": "yBf3OkgDQOilJh6GmsgzGA",
    "_bundleType": "application\/vnd.ibm.ers.v1.visualizations+json",
    "_containedByBundles": [
        "dTk3TD2NSRiYfC0cUAFiKQ"
    ],
    "_created": 1444708647676,
    "_modified": 1444708648266,
    "_rev": "4-eafca7d35e019b111bf9d64001669a23",
    "_version": 1,
    "description": "",
    "name": "az.Heatmap"
}